images/4_6742.png,images/4_1116.png,1
images/7_8591.png,images/7_7180.png,1
images/1_7447.png,images/1_3679.png,1
images/2_4206.png,images/2_9097.png,1
images/2_9603.png,images/2_816.png,1
images/2_6330.png,images/2_6574.png,1
images/7_3309.png,images/7_1496.png,1
images/6_8542.png,images/6_737.png,1
images/2_3772.png,images/2_5264.png,1
images/6_6881.png,images/6_820.png,1
images/0_4718.png,images/0_4320.png,1
images/9_6747.png,images/9_530.png,1
images/5_9786.png,images/5_5222.png,1
images/4_42.png,images/4_1023.png,1
images/6_5354.png,images/6_6538.png,1
images/2_9820.png,images/2_4350.png,1
images/7_4028.png,images/7_144.png,1
images/6_7549.png,images/6_8542.png,1
images/2_8793.png,images/2_7483.png,1
images/1_9520.png,images/1_9485.png,1
images/7_9899.png,images/7_9543.png,1
images/9_3006.png,images/9_1455.png,1
images/9_4163.png,images/9_3426.png,1
images/6_6463.png,images/6_9961.png,1
images/6_7843.png,images/6_559.png,1
images/1_3679.png,images/1_8229.png,1
images/7_8525.png,images/7_4781.png,1
images/2_6052.png,images/2_8019.png,1
images/7_7513.png,images/7_2238.png,1
images/7_7490.png,images/7_1496.png,1
images/2_4350.png,images/2_2157.png,1
images/2_1132.png,images/2_6773.png,1
images/8_486.png,images/8_7694.png,1
images/9_7651.png,images/9_1998.png,1
images/6_8542.png,images/6_3218.png,1
images/1_3380.png,images/1_6338.png,1
images/2_8361.png,images/2_3785.png,1
images/4_7009.png,images/4_6019.png,1
images/5_2970.png,images/5_9398.png,1
images/1_2529.png,images/1_4708.png,1
images/6_5619.png,images/6_1199.png,1
images/9_2694.png,images/9_2147.png,1
images/5_9428.png,images/5_3663.png,1
images/3_6542.png,images/3_5283.png,1
images/9_4436.png,images/9_5968.png,1
images/5_5098.png,images/5_8563.png,1
images/7_9851.png,images/7_3604.png,1
images/7_383.png,images/7_1563.png,1
images/0_2821.png,images/0_4043.png,1
images/2_1927.png,images/2_715.png,1
images/3_8780.png,images/3_245.png,1
images/7_7513.png,images/7_2262.png,1
images/0_6532.png,images/0_8448.png,1
images/0_5079.png,images/0_9052.png,1
images/6_6814.png,images/6_6538.png,1
images/4_8484.png,images/4_1116.png,1
images/7_3122.png,images/7_4781.png,1
images/0_6602.png,images/0_6129.png,1
images/6_9555.png,images/6_1800.png,1
images/2_1365.png,images/2_891.png,1
images/9_6166.png,images/9_1869.png,1
images/9_1869.png,images/9_4237.png,1
images/6_9555.png,images/6_4464.png,1
images/5_478.png,images/5_2574.png,1
images/7_5845.png,images/7_3836.png,1
images/3_9202.png,images/3_7257.png,1
images/2_6234.png,images/2_8168.png,1
images/3_5860.png,images/3_5283.png,1
images/5_182.png,images/5_1340.png,1
images/3_3381.png,images/3_6551.png,1
images/1_831.png,images/1_276.png,1
images/2_7184.png,images/2_828.png,1
images/7_8815.png,images/7_5845.png,1
images/0_2657.png,images/0_3706.png,1
images/6_9555.png,images/6_737.png,1
images/1_3858.png,images/1_8229.png,1
images/1_2815.png,images/1_5917.png,1
images/7_9262.png,images/7_5714.png,1
images/0_6947.png,images/0_8055.png,1
images/9_2147.png,images/9_3006.png,1
images/8_7114.png,images/8_6864.png,1
images/2_4668.png,images/2_172.png,1
images/3_3766.png,images/3_9157.png,1
images/5_3115.png,images/5_3321.png,1
images/9_3426.png,images/9_2637.png,1
images/7_5190.png,images/7_9262.png,1
images/1_7869.png,images/1_9222.png,1
images/9_4016.png,images/9_6200.png,1
images/1_5291.png,images/1_7954.png,1
images/4_5063.png,images/4_8178.png,1
images/8_8635.png,images/8_6603.png,1
images/5_3115.png,images/5_1618.png,1
images/0_459.png,images/0_6461.png,1
images/3_1615.png,images/3_6790.png,1
images/7_2874.png,images/7_6815.png,1
images/7_3836.png,images/7_3352.png,1
images/7_8733.png,images/7_2262.png,1
images/5_6120.png,images/5_433.png,1
images/8_5360.png,images/8_4731.png,1
images/2_6773.png,images/2_9603.png,1
images/6_6842.png,images/6_7051.png,1
images/6_9256.png,images/6_1800.png,1
images/4_2264.png,images/4_4826.png,1
images/2_172.png,images/2_9820.png,1
images/2_9097.png,images/2_8320.png,1
images/0_5008.png,images/0_4327.png,1
images/9_6747.png,images/9_2694.png,1
images/3_5329.png,images/3_2501.png,1
images/7_70.png,images/7_383.png,1
images/2_5615.png,images/2_2082.png,1
images/2_1303.png,images/2_8094.png,1
images/9_8762.png,images/9_4321.png,1
images/7_1244.png,images/7_3692.png,1
images/8_9418.png,images/8_8437.png,1
images/2_9111.png,images/2_7772.png,1
images/3_6455.png,images/3_6767.png,1
images/3_6421.png,images/3_2501.png,1
images/5_5222.png,images/5_7752.png,1
images/8_7694.png,images/8_7823.png,1
images/5_1641.png,images/5_2644.png,1
images/2_6123.png,images/2_715.png,1
images/0_1739.png,images/0_9080.png,1
images/7_1734.png,images/7_6852.png,1
images/9_2694.png,images/9_5968.png,1
images/1_4178.png,images/1_1867.png,1
images/5_8563.png,images/5_2207.png,1
images/2_995.png,images/2_816.png,1
images/7_4760.png,images/7_9141.png,1
images/1_9518.png,images/1_8930.png,1
images/7_8573.png,images/7_4781.png,1
images/5_5997.png,images/5_182.png,1
images/1_1820.png,images/1_3380.png,1
images/8_6372.png,images/8_268.png,1
images/2_3375.png,images/2_7992.png,1
images/0_3271.png,images/0_4819.png,1
images/7_3309.png,images/7_1244.png,1
images/7_3594.png,images/7_8356.png,1
images/4_8961.png,images/4_7153.png,1
images/1_6254.png,images/1_4262.png,1
images/0_4043.png,images/0_2649.png,1
images/7_2808.png,images/7_3594.png,1
images/7_9242.png,images/7_2523.png,1
images/3_780.png,images/3_8780.png,1
images/7_7513.png,images/7_4099.png,1
images/3_2008.png,images/3_1615.png,1
images/9_4417.png,images/9_4344.png,1
images/6_7843.png,images/6_6814.png,1
images/2_9855.png,images/2_9510.png,1
images/2_6732.png,images/2_4562.png,1
images/9_4093.png,images/9_5262.png,1
images/1_6902.png,images/1_3851.png,1
images/5_1833.png,images/5_3691.png,1
images/8_2099.png,images/8_9450.png,1
images/6_6406.png,images/6_3762.png,1
images/0_5033.png,images/0_6833.png,1
images/1_1667.png,images/1_2982.png,1
images/3_2008.png,images/3_7936.png,1
images/6_4193.png,images/6_814.png,1
images/3_9881.png,images/3_6821.png,1
images/3_792.png,images/3_9365.png,1
images/2_172.png,images/2_1551.png,1
images/2_8394.png,images/2_387.png,1
images/4_5063.png,images/4_829.png,1
images/9_4237.png,images/9_3716.png,1
images/1_5013.png,images/1_9657.png,1
images/2_9266.png,images/2_172.png,1
images/6_9961.png,images/6_3939.png,1
images/4_117.png,images/4_7338.png,1
images/1_1884.png,images/1_5848.png,1
images/7_4028.png,images/7_7754.png,1
images/6_1974.png,images/6_2321.png,1
images/0_2821.png,images/0_2777.png,1
images/6_2876.png,images/6_820.png,1
images/2_2652.png,images/2_8019.png,1
images/8_5675.png,images/8_1234.png,1
images/0_5653.png,images/0_3895.png,1
images/1_6502.png,images/1_276.png,1
images/5_8737.png,images/5_2207.png,1
images/8_9450.png,images/8_5011.png,1
images/1_8289.png,images/1_3026.png,1
images/4_8961.png,images/4_9947.png,1
images/4_6915.png,images/4_117.png,1
images/5_509.png,images/5_9338.png,1
images/4_3291.png,images/4_8392.png,1
images/8_5016.png,images/8_3833.png,1
images/0_896.png,images/0_7368.png,1
images/7_2238.png,images/7_3692.png,1
images/2_8810.png,images/2_7015.png,1
images/7_7966.png,images/7_9262.png,1
images/7_4028.png,images/7_2823.png,1
images/2_4189.png,images/2_3775.png,1
images/1_4685.png,images/1_6733.png,1
images/4_6195.png,images/4_5676.png,1
images/7_4746.png,images/7_2262.png,1
images/3_6551.png,images/3_3766.png,1
images/4_697.png,images/4_3722.png,1
images/6_559.png,images/6_814.png,1
images/7_3122.png,images/7_4991.png,1
images/2_1795.png,images/2_6773.png,1
images/5_1087.png,images/5_3663.png,1
images/9_1869.png,images/2_4206.png,0
images/9_2014.png,images/7_6852.png,0
images/2_4962.png,images/3_9787.png,0
images/3_6551.png,images/7_2823.png,0
images/3_8903.png,images/2_9820.png,0
images/7_7334.png,images/2_6614.png,0
images/9_6228.png,images/6_6261.png,0
images/5_9331.png,images/8_6442.png,0
images/9_2129.png,images/0_9352.png,0
images/7_3604.png,images/5_2970.png,0
images/5_3955.png,images/1_3789.png,0
images/8_9450.png,images/2_2254.png,0
images/7_7978.png,images/1_7480.png,0
images/2_2112.png,images/0_9162.png,0
images/5_9331.png,images/1_4858.png,0
images/8_2849.png,images/7_8591.png,0
images/2_4187.png,images/6_1688.png,0
images/1_9622.png,images/6_4934.png,0
images/2_1365.png,images/5_3955.png,0
images/6_4449.png,images/3_3659.png,0
images/3_7257.png,images/1_5917.png,0
images/5_3837.png,images/9_3587.png,0
images/0_459.png,images/2_3772.png,0
images/1_9190.png,images/2_1002.png,0
images/4_1614.png,images/1_8536.png,0
images/5_8761.png,images/6_9355.png,0
images/8_1007.png,images/6_6842.png,0
images/2_6052.png,images/6_7843.png,0
images/1_7480.png,images/2_3986.png,0
images/6_6994.png,images/3_4664.png,0
images/9_5009.png,images/0_5008.png,0
images/3_9125.png,images/0_7625.png,0
images/0_6211.png,images/1_963.png,0
images/4_6915.png,images/0_7368.png,0
images/2_9855.png,images/9_9610.png,0
images/5_1376.png,images/4_3722.png,0
images/2_1132.png,images/4_6019.png,0
images/8_1007.png,images/2_6614.png,0
images/1_3026.png,images/2_3375.png,0
images/5_59.png,images/1_5998.png,0
images/8_8330.png,images/6_6388.png,0
images/9_4237.png,images/6_6994.png,0
images/8_374.png,images/3_9787.png,0
images/8_718.png,images/4_6021.png,0
images/0_6250.png,images/1_8930.png,0
images/9_4436.png,images/6_8542.png,0
images/1_1434.png,images/0_2821.png,0
images/5_2574.png,images/2_7321.png,0
images/4_8898.png,images/2_8318.png,0
images/6_8869.png,images/4_829.png,0
images/0_148.png,images/1_8536.png,0
images/2_5264.png,images/7_3352.png,0
images/3_2392.png,images/5_2445.png,0
images/9_2147.png,images/1_8113.png,0
images/4_8178.png,images/1_4212.png,0
images/4_6021.png,images/6_2321.png,0
images/5_5339.png,images/9_3716.png,0
images/6_4897.png,images/4_7009.png,0
images/3_9202.png,images/7_8733.png,0
images/0_3315.png,images/7_1734.png,0
images/5_9132.png,images/3_5329.png,0
images/0_7625.png,images/5_7752.png,0
images/8_9078.png,images/6_1974.png,0
images/9_7854.png,images/2_6534.png,0
images/0_3989.png,images/3_9758.png,0
images/6_2471.png,images/3_9758.png,0
images/3_4657.png,images/2_6534.png,0
images/3_2453.png,images/7_1496.png,0
images/1_8268.png,images/5_5098.png,0
images/4_8685.png,images/9_4426.png,0
images/0_148.png,images/4_4946.png,0
images/2_1375.png,images/4_1116.png,0
images/0_4515.png,images/6_3181.png,0
images/5_7274.png,images/3_8561.png,0
images/4_7421.png,images/5_352.png,0
images/3_6455.png,images/6_6088.png,0
images/3_9787.png,images/2_9603.png,0
images/5_7274.png,images/1_1736.png,0
images/1_5013.png,images/5_5779.png,0
images/0_2188.png,images/6_6814.png,0
images/7_6756.png,images/4_7153.png,0
images/7_3309.png,images/3_8485.png,0
images/9_4321.png,images/2_6330.png,0
images/3_912.png,images/8_3466.png,0
images/4_7402.png,images/2_3772.png,0
images/9_7318.png,images/1_7447.png,0
images/1_3452.png,images/8_2099.png,0
images/2_1551.png,images/0_4320.png,0
images/3_528.png,images/4_7338.png,0
images/3_1923.png,images/5_182.png,0
images/4_8484.png,images/9_3587.png,0
images/8_4731.png,images/1_5442.png,0
images/4_9947.png,images/6_6842.png,0
images/2_2254.png,images/5_5742.png,0
images/6_1733.png,images/5_8803.png,0
images/7_3373.png,images/8_9394.png,0
images/9_5414.png,images/2_1696.png,0
images/0_6259.png,images/2_1696.png,0
images/3_780.png,images/2_3375.png,0
images/4_1649.png,images/6_21.png,0
images/4_5063.png,images/6_4765.png,0
images/6_6463.png,images/0_4628.png,0
images/0_6444.png,images/5_6530.png,0
images/8_2393.png,images/0_4628.png,0
images/9_954.png,images/1_9485.png,0
images/2_9456.png,images/0_5695.png,0
images/1_7869.png,images/5_1618.png,0
images/3_9787.png,images/0_2821.png,0
images/3_381.png,images/6_21.png,0
images/0_896.png,images/7_383.png,0
images/5_2558.png,images/7_9262.png,0
images/3_245.png,images/8_5589.png,0
images/7_3349.png,images/3_792.png,0
images/8_6442.png,images/9_6740.png,0
images/5_6932.png,images/6_7843.png,0
images/3_9429.png,images/7_8525.png,0
images/6_5619.png,images/3_9125.png,0
images/1_6502.png,images/5_2445.png,0
images/2_4187.png,images/0_7830.png,0
images/9_5683.png,images/5_1376.png,0
images/4_6742.png,images/1_6092.png,0
images/8_7114.png,images/5_6120.png,0
images/7_2874.png,images/2_4206.png,0
images/1_7954.png,images/7_8591.png,0
images/8_5011.png,images/4_7421.png,0
images/6_4449.png,images/7_8030.png,0
images/7_3122.png,images/6_8828.png,0
images/4_9412.png,images/1_9190.png,0
images/5_9349.png,images/8_1007.png,0
images/4_1547.png,images/0_2821.png,0
images/2_2495.png,images/7_3692.png,0
images/0_3540.png,images/4_117.png,0
images/2_7772.png,images/6_5467.png,0
images/5_4271.png,images/7_2238.png,0
images/4_6019.png,images/9_4682.png,0
images/5_9398.png,images/1_3433.png,0
images/1_5186.png,images/9_6166.png,0
images/7_7978.png,images/1_6222.png,0
images/6_5467.png,images/5_1340.png,0
images/4_8205.png,images/5_3127.png,0
images/1_8306.png,images/8_9418.png,0
images/7_60.png,images/0_5353.png,0
images/0_148.png,images/4_8775.png,0
images/1_1434.png,images/5_4271.png,0
images/1_1240.png,images/8_1702.png,0
images/5_6908.png,images/1_963.png,0
images/7_2808.png,images/9_5164.png,0
images/4_9203.png,images/3_3717.png,0
images/6_8828.png,images/3_4657.png,0
images/9_7318.png,images/2_6123.png,0
images/9_6200.png,images/4_5063.png,0
images/5_9883.png,images/2_9820.png,0
images/2_5264.png,images/3_7075.png,0
images/3_780.png,images/9_3504.png,0
images/1_6254.png,images/2_828.png,0
images/6_7020.png,images/4_9947.png,0
images/1_5984.png,images/4_5395.png,0
images/2_8168.png,images/0_3271.png,0
images/4_1116.png,images/0_7368.png,0
images/2_8646.png,images/8_7694.png,0
images/7_8030.png,images/3_6194.png,0
images/6_21.png,images/1_1867.png,0
images/1_7954.png,images/2_2186.png,0
images/2_891.png,images/1_1240.png,0
images/2_3775.png,images/4_8898.png,0
images/7_64.png,images/2_3384.png,0
images/9_7243.png,images/6_4464.png,0
images/8_3466.png,images/4_4946.png,0
images/6_6994.png,images/0_459.png,0
images/7_2238.png,images/0_3271.png,0
images/0_4650.png,images/9_3006.png,0
images/2_8318.png,images/7_4746.png,0
images/8_8015.png,images/2_4206.png,0
images/1_3789.png,images/4_1985.png,0
images/6_4193.png,images/0_7446.png,0
images/0_6211.png,images/9_4436.png,0
images/0_7830.png,images/6_6771.png,0
images/9_2345.png,images/6_7020.png,0
images/8_7287.png,images/7_3594.png,0
images/3_8485.png,images/7_7320.png,0
images/2_828.png,images/0_5695.png,0
images/2_8381.png,images/0_6444.png,0
images/2_8625.png,images/6_5481.png,0
images/1_9657.png,images/0_5353.png,0
images/8_5016.png,images/2_799.png,0
images/6_6406.png,images/8_4863.png,0
images/9_3060.png,images/2_2446.png,0
images/0_6461.png,images/2_172.png,0
images/1_5998.png,images/2_7604.png,0
images/4_5169.png,images/1_7869.png,0
images/3_6790.png,images/0_440.png,0
images/5_8224.png,images/7_7978.png,0
images/7_2823.png,images/8_2393.png,0
images/0_3540.png,images/9_1455.png,0
images/9_4344.png,images/1_9190.png,0
images/3_1923.png,images/0_5033.png,0
images/3_2501.png,images/9_4417.png,0
images/6_3748.png,images/5_9786.png,0
images/6_6388.png,images/8_4863.png,0
images/7_5714.png,images/8_2859.png,0
